title,degree_type,url_slug,url,row_number,URL,kiscourseid,A_level,A_level_subjects,GCSE,IB,IB_subjects,A_level_additional
Archaeology,BA,archaeology-ba,https://www.ucl.ac.uk/prospective-students/undergraduate/degrees/archaeology-ba,1,https://www.ucl.ac.uk/prospective-students/undergraduate/degrees/archaeology-ba,UBAARLSABR18,ABB,No specific subjects. At least two A level subjects should be taken from UCL's list of preferred A level subjects.,English Language and Mathematics at grade C or 4.,34,"A total of 16 points in three higher level subjects, with no higher level score below 5.",NA
Archaeology,BA,archaeology-ba,https://www.ucl.ac.uk/prospective-students/undergraduate/degrees/archaeology-ba,2,https://www.ucl.ac.uk/prospective-students/undergraduate/degrees/archaeology-ba,UBAARLSING18,ABB,No specific subjects. At least two A level subjects should be taken from UCL's list of preferred A level subjects.,English Language and Mathematics at grade C or 4.,34,"A total of 16 points in three higher level subjects, with no higher level score below 5.",NA
Archaeology,BA,archaeology-ba,https://www.ucl.ac.uk/prospective-students/undergraduate/degrees/archaeology-ba,3,https://www.ucl.ac.uk/prospective-students/undergraduate/degrees/archaeology-ba,UBAARLSPLA18,ABB,No specific subjects. At least two A level subjects should be taken from UCL's list of preferred A level subjects.,English Language and Mathematics at grade C or 4.,34,"A total of 16 points in three higher level subjects, with no higher level score below 5.",NA
Comparative Literature,BA,comparative-literature-ba,https://www.ucl.ac.uk/prospective-students/undergraduate/degrees/comparative-literature-ba,4,https://www.ucl.ac.uk/prospective-students/undergraduate/degrees/comparative-literature-ba,UBACLTSABR18,AAA,A humanities subject required. French or Spanish required at grade A if one of these is to be studied as major language pathway.,English Language at grade B or 6 and Mathematics at grade C or 4.,38,"A total of 18 points in three higher level subjects, including a Humanities subject. Higher level French or Spanish required at grade 6 if one of these is to be studied as a major language pathway. No higher level score below 5.",NA
Comparative Literature,BA,comparative-literature-ba,https://www.ucl.ac.uk/prospective-students/undergraduate/degrees/comparative-literature-ba,5,https://www.ucl.ac.uk/prospective-students/undergraduate/degrees/comparative-literature-ba,UBACLTSING18,AAA,A humanities subject required. French or Spanish required at grade A if one of these is to be studied as major language pathway.,English Language at grade B or 6 and Mathematics at grade C or 4.,38,"A total of 18 points in three higher level subjects, including a Humanities subject. Higher level French or Spanish required at grade 6 if one of these is to be studied as a major language pathway. No higher level score below 5.",NA
Communications,BA,communications-ba,https://www.ucl.ac.uk/prospective-students/undergraduate/degrees/communications-ba,6,https://www.ucl.ac.uk/prospective-students/undergraduate/degrees/communications-ba,UBACOMSING18,AAB,No specific subjects. At least two A level subjects should be taken from UCL's list of preferred A level subjects.,English Language and Mathematics at grade C or 4.,36,"A total of 17 points in three higher level subjects, with no higher level score below 5.",NA
Dutch,BA,dutch-ba,https://www.ucl.ac.uk/prospective-students/undergraduate/degrees/dutch-ba,7,https://www.ucl.ac.uk/prospective-students/undergraduate/degrees/dutch-ba,UBADUTSING18,ABB,Foreign language preferred.,English Language at grade B or 6 and Mathematics at grade C or 4.,34,"A total of 16 points in three higher level subjects preferably including a foreign language, with no score higher level below 5.",NA
Early Childhood Education,BA,early-childhood-education-ba,https://www.ucl.ac.uk/prospective-students/undergraduate/degrees/early-childhood-education-ba,8,https://www.ucl.ac.uk/prospective-students/undergraduate/degrees/early-childhood-education-ba,UBAECHSEDU18,ABB,No specific subjects. At least two A level subjects should be taken from UCL's list of preferred A level subjects.,English Language and Mathematics at grade C or 4.,34,"A total of 16 points in three higher level subjects, with no higher level score below 5.",NA
English,BA,english-ba,https://www.ucl.ac.uk/prospective-students/undergraduate/degrees/english-ba,9,https://www.ucl.ac.uk/prospective-students/undergraduate/degrees/english-ba,UBAENGSING05,AAA,English Literature (or combined Literature and Language) required.,English Language at grade B or 6 and Mathematics at grade C or 4.,38,"A total of 18 points in three higher level subjects including English A1 Literature/Language and Literature at grade 6, with no higher level score below 5.",NA
Fine Art,BA,fine-art-ba,https://www.ucl.ac.uk/prospective-students/undergraduate/degrees/fine-art-ba,10,https://www.ucl.ac.uk/prospective-students/undergraduate/degrees/fine-art-ba,UBAFINSING05,ABB,"No specific subjects, but a portfolio of work is required. At least two A level subjects should be taken from UCL's list of preferred A level subjects.",English Language and Mathematics at grade C or 4.,34,"A total of 16 points in three higher level subjects, with no higher level score below 5, plus a portfolio. ",NA
French,BA,french-ba,https://www.ucl.ac.uk/prospective-students/undergraduate/degrees/french-ba,11,https://www.ucl.ac.uk/prospective-students/undergraduate/degrees/french-ba,UBAFRESING18,ABB,French required at grade A.,English Language at grade B or 6 and Mathematics at grade C or 4.,34,"A total of 16 points in three higher level subjects including French grade 6, with no higher level score below 5.",NA
Geography,BA,geography-ba,https://www.ucl.ac.uk/prospective-students/undergraduate/degrees/geography-ba,12,https://www.ucl.ac.uk/prospective-students/undergraduate/degrees/geography-ba,UBAGEOSING18,AAA,No specific subjects. At least two A level subjects should be taken from UCL's list of preferred A level subjects.,English Language and Mathematics at grade C or 4.,38,"A total of 18 points in three higher level subjects, with no higher level score below 5.",NA
Geography (International Programme),BA,geography-international-programme-ba,https://www.ucl.ac.uk/prospective-students/undergraduate/degrees/geography-international-programme-ba,13,https://www.ucl.ac.uk/prospective-students/undergraduate/degrees/geography-international-programme-ba,UBAGEOSINT18,AAA,No specific subjects. At least two A level subjects should be taken from UCL's list of preferred A level subjects.,English Language and Mathematics at grade C or 4.,38,"A total of 18 points in three higher level subjects, with no higher level score below 5.",NA
German,BA,german-ba,https://www.ucl.ac.uk/prospective-students/undergraduate/degrees/german-ba,14,https://www.ucl.ac.uk/prospective-students/undergraduate/degrees/german-ba,UBAGERSING18,ABB,German required.,English Language at grade B or 6 and Mathematics at grade C or 4.,34,"A total of 16 points in three higher level subjects, including German, with no higher level score below 5.",NA
History of Art,BA,history-art-ba,https://www.ucl.ac.uk/prospective-students/undergraduate/degrees/history-art-ba,15,https://www.ucl.ac.uk/prospective-students/undergraduate/degrees/history-art-ba,UBAHARSING18,AAB,"No specific subjects, though essay-based subjects are an advantage. At least two A level subjects should be taken from UCL's list of preferred A level subjects.",English Language and Mathematics at grade C or 4.,36,"A total of 17 points in three higher level subjects, with no higher level score below 5.",NA
Ancient History,BA,ancient-history-ba,https://www.ucl.ac.uk/prospective-students/undergraduate/degrees/ancient-history-ba,16,https://www.ucl.ac.uk/prospective-students/undergraduate/degrees/ancient-history-ba,UBAHISSANC18,AAA,"History, Ancient History or Classical Civilisation required.",English Language at grade B or 6 and Mathematics at grade C or 4.,38,"A total of 18 points in three higher level subjects including grade 6 in History, with no higher level score below 5.",NA
History,BA,history-ba,https://www.ucl.ac.uk/prospective-students/undergraduate/degrees/history-ba,17,https://www.ucl.ac.uk/prospective-students/undergraduate/degrees/history-ba,UBAHISSING18,AAA,History required.,English Language at grade B or 6 and Mathematics at grade C or 4.,38,"A total of 18 points in three higher level subjects including grade 6 in History, with no higher level score below 5.",NA
Italian Studies: UCL-Venice Double Degree,BA,italian-studies-ucl-venice-double-degree-ba,https://www.ucl.ac.uk/prospective-students/undergraduate/degrees/italian-studies-ucl-venice-double-degree-ba,18,https://www.ucl.ac.uk/prospective-students/undergraduate/degrees/italian-studies-ucl-venice-double-degree-ba,UBAITASDUA18,ABB,Italian required.,English Language at grade B or 6 and Mathematics at grade C or 4.,34,"A total of 16 points in three higher level subjects including Italian, with no higher level score below 5.",NA
Italian,BA,italian-ba,https://www.ucl.ac.uk/prospective-students/undergraduate/degrees/italian-ba,19,https://www.ucl.ac.uk/prospective-students/undergraduate/degrees/italian-ba,UBAITASING18,ABB,Foreign language preferred.,English Language at grade B or 6 and Mathematics at grade C or 4.,34,"A total of 16 points in three higher level subjects, preferably including a foreign language, with no higher level score below 5.",NA
Linguistics,BA,linguistics-ba,https://www.ucl.ac.uk/prospective-students/undergraduate/degrees/linguistics-ba,20,https://www.ucl.ac.uk/prospective-students/undergraduate/degrees/linguistics-ba,UBALINSING18,AAB,English Language preferred.,English Language at grade B or 6 and Mathematics at grade C or 4.,36,"A score of 17 points in three higher level subjects preferably to include English Language, with no higher level score below 5.",NA
Linguistics (International Programme),BA,linguistics-international-programme-ba,https://www.ucl.ac.uk/prospective-students/undergraduate/degrees/linguistics-international-programme-ba,21,https://www.ucl.ac.uk/prospective-students/undergraduate/degrees/linguistics-international-programme-ba,UBALINSINT18,AAB,English Language preferred.,English Language at grade B or 6 and Mathematics at grade C or 4.,36,"A score of 17 points in three higher level subjects preferably to include English Language, with no higher level score below 5.",NA
Ancient Languages,BA,ancient-languages-ba,https://www.ucl.ac.uk/prospective-students/undergraduate/degrees/ancient-languages-ba,22,https://www.ucl.ac.uk/prospective-students/undergraduate/degrees/ancient-languages-ba,UBALNGSANA18,ABB,"An ancient or modern language at grade A, unless an ancient and a modern language are offered at GCSE at grade C or above.",English Language and Mathematics at grade C or 4.,34,"A total of 16 points in three higher level subjects, with no higher level score below 5, to include an ancient or modern language at grade 6 unless an ancient and a modern language are offered at GCSE at grade C or above.",NA
Ancient Languages,BA,ancient-languages-ba,https://www.ucl.ac.uk/prospective-students/undergraduate/degrees/ancient-languages-ba,23,https://www.ucl.ac.uk/prospective-students/undergraduate/degrees/ancient-languages-ba,UBALNGSANC18,ABB,"An ancient or modern language at grade A, unless an ancient and a modern language are offered at GCSE at grade C or above.",English Language and Mathematics at grade C or 4.,34,"A total of 16 points in three higher level subjects, with no higher level score below 5, to include an ancient or modern language at grade 6 unless an ancient and a modern language are offered at GCSE at grade C or above.",NA
Media,BA,media-ba,https://www.ucl.ac.uk/prospective-students/undergraduate/degrees/media-ba,24,https://www.ucl.ac.uk/prospective-students/undergraduate/degrees/media-ba,UBAMEDUCCM20,AAB,An Arts and Humanities subject or Computer Science preferred.,English Language and Mathematics at grade C or 4.,36,"A total of 17 points in three higher level subjects, with no higher level score below 5.",NA
Philosophy,BA,philosophy-ba,https://www.ucl.ac.uk/prospective-students/undergraduate/degrees/philosophy-ba,25,https://www.ucl.ac.uk/prospective-students/undergraduate/degrees/philosophy-ba,UBAPHISING18,AAA,No specific subjects. At least two A level subjects should be taken from UCL's list of preferred A level subjects.,English Language at grade B or 6 and Mathematics at grade C or 4.,38,"A total of 18 points in three higher level subjects, with no higher level score below 5.",NA
Russian Studies,BA,russian-studies-ba,https://www.ucl.ac.uk/prospective-students/undergraduate/degrees/russian-studies-ba,26,https://www.ucl.ac.uk/prospective-students/undergraduate/degrees/russian-studies-ba,UBARUSSING18,ABB,No specific subjects. At least two A level subjects should be taken from UCL's list of preferred A level subjects.,English Language at grade B or 6 and Mathematics at grade C or 4.,34,"A total of 16 points in three higher level subjects, with no higher level score below 5.",NA
Icelandic,BA,icelandic-ba,https://www.ucl.ac.uk/prospective-students/undergraduate/degrees/icelandic-ba,27,https://www.ucl.ac.uk/prospective-students/undergraduate/degrees/icelandic-ba,UBASCASICE18,ABB,Foreign language preferred.,English Language at grade B or 6 and Mathematics at grade C or 4.,34,"A total of 16 points in three higher level subjects, preferably including a foreign language, with no higher level score below 5.",NA
Scandinavian Studies,BA,scandinavian-studies-ba,https://www.ucl.ac.uk/prospective-students/undergraduate/degrees/scandinavian-studies-ba,28,https://www.ucl.ac.uk/prospective-students/undergraduate/degrees/scandinavian-studies-ba,UBASCASING18,ABB,Foreign language preferred.,English Language at grade B or 6 and Mathematics at grade C or 4.,34,"A total of 16 points in three higher level subjects, preferably including a foreign language, with no higher level score below 5.",NA
Economics,BSc (Econ),economics-bsc-econ,https://www.ucl.ac.uk/prospective-students/undergraduate/degrees/economics-bsc-econ,29,https://www.ucl.ac.uk/prospective-students/undergraduate/degrees/economics-bsc-econ,UBEECOSABR18,A*AA,"A* in Mathematics required, plus if Economics is offered it must be grade A.",English Language and Mathematics at grade C or 4.,39,A total of 19 points in three higher level subjects including grade 7 in Mathematics and grade 6 in Economics if offered with no higher level score below 5. The programme will accept either 'Mathematics: Analysis and Approaches' or 'Mathematics: Applications and Interpretation' at higher level.,NA
Economics,BSc (Econ),economics-bsc-econ,https://www.ucl.ac.uk/prospective-students/undergraduate/degrees/economics-bsc-econ,30,https://www.ucl.ac.uk/prospective-students/undergraduate/degrees/economics-bsc-econ,UBEECOSING18,A*AA,"A* in Mathematics required, plus if Economics is offered it must be grade A.",English Language and Mathematics at grade C or 4.,39,A total of 19 points in three higher level subjects including grade 7 in Mathematics and grade 6 in Economics if offered with no higher level score below 5. The programme will accept either 'Mathematics: Analysis and Approaches' or 'Mathematics: Applications and Interpretation' at higher level.,NA
Fine Art,BA,fine-art-ba,https://www.ucl.ac.uk/prospective-students/undergraduate/degrees/fine-art-ba,31,https://www.ucl.ac.uk/prospective-students/undergraduate/degrees/fine-art-ba,UBFFINSING05,ABB,"No specific subjects, but a portfolio of work is required. At least two A level subjects should be taken from UCL's list of preferred A level subjects.",English Language and Mathematics at grade C or 4.,34,"A total of 16 points in three higher level subjects, with no higher level score below 5, plus a portfolio. ",NA
Law,LLB,law-llb,https://www.ucl.ac.uk/prospective-students/undergraduate/degrees/law-llb,32,https://www.ucl.ac.uk/prospective-students/undergraduate/degrees/law-llb,UBLLAWSING18,A*AA,No specific subjects. At least two A level subjects should be taken from UCL's list of preferred A level subjects.,English Language and Mathematics at grade B or 6.,39,"A total of 19 points in three higher level subjects, with no higher level score below 5.",NA
Medicine,MBBS BSc,medicine-mbbs-bsc,https://www.ucl.ac.uk/prospective-students/undergraduate/degrees/medicine-mbbs-bsc,33,https://www.ucl.ac.uk/prospective-students/undergraduate/degrees/medicine-mbbs-bsc,UBMMEDSING01,A*AA,Biology and Chemistry required with either at grade A*.,English Language and Mathematics at grade B or 6.,39,"A total of 19 points in three higher level subjects including 6 and 7 in Biology and Chemistry, in either order. No higher level score below 5.",NA
Biochemical Engineering,BEng,biochemical-engineering-beng,https://www.ucl.ac.uk/prospective-students/undergraduate/degrees/biochemical-engineering-beng,34,https://www.ucl.ac.uk/prospective-students/undergraduate/degrees/biochemical-engineering-beng,UBNBENSING22,AAA,"Mathematics required, plus one from Biology, Chemistry or Physics.",English Language and Mathematics at grade C or 4.,38,"A total of 18 points in three higher level subjects including grade 6 in Mathematics, plus one from Biology, Chemistry or Physics, with no higher level score below 5. The programme will accept either 'Mathematics: Analysis and Approaches' or 'Mathematics: Applications and Interpretation' at higher level.",NA
Biomedical Engineering,BEng,biomedical-engineering-beng,https://www.ucl.ac.uk/prospective-students/undergraduate/degrees/biomedical-engineering-beng,35,https://www.ucl.ac.uk/prospective-students/undergraduate/degrees/biomedical-engineering-beng,UBNBMDSING22,AAA,"Mathematics and Physics required at grade A. Mathematics and Physics required. Biology acceptable in lieu of Physics, if Physics grade A or 7 achieved at GCSE ",English Language and Mathematics at grade C or 4.,38,"A total of 18 points overall in three higher level subjects, including grade 6 in Mathematics and Physics, with no higher level score below 5. Biology at Higher Level acceptable in lieu of Physics, if Physics taken at Standard Level.The programme will accept either 'Mathematics: Analysis and Approaches' or 'Mathematics: Applications and Interpretation' at higher level.",NA
Chemical Engineering,BEng,chemical-engineering-beng,https://www.ucl.ac.uk/prospective-students/undergraduate/degrees/chemical-engineering-beng,36,https://www.ucl.ac.uk/prospective-students/undergraduate/degrees/chemical-engineering-beng,UBNCENSING22,AAA,"Mathematics and Chemistry required. Biology, Economics, Further Mathematics, Geography, Physics and Psychology preferred.",English Language and Mathematics at grade C or 4.,38,"A total of 18 points in three higher level subjects to include grades 6,6 in Mathematics and Chemistry, with no higher level score below 5. Another science at higher level preferred, but not essential. The programme will accept either 'Mathematics: Analysis and Approaches' or 'Mathematics: Applications and Interpretation' at higher level.",NA
Civil Engineering,BEng,civil-engineering-beng,https://www.ucl.ac.uk/prospective-students/undergraduate/degrees/civil-engineering-beng,37,https://www.ucl.ac.uk/prospective-students/undergraduate/degrees/civil-engineering-beng,UBNCIVSING22,A*AA,"No specific subjects, but please note the GCSE requirements below if you are not taking A level Mathematics. At least two A level subjects should be taken from UCL's list of preferred A level subjects.",English Language at grade C or 4. Mathematics and Physics (or Double Award) at grade A or 7 if not offered at A level.,39,"A total of 19 points in three higher level subjects, with no higher level score below 5. Physics must be offered at either higher or standard level.",NA
Mechanical Engineering,BEng,mechanical-engineering-beng,https://www.ucl.ac.uk/prospective-students/undergraduate/degrees/mechanical-engineering-beng,38,https://www.ucl.ac.uk/prospective-students/undergraduate/degrees/mechanical-engineering-beng,UBNMECSING22,A*AA,"Mathematics and Physics required. A* must be in one of the required subjects. Design and Technology, Engineering, Economics, Geography, Chemistry and Biology preferred as third subject (in that order), but not essential.  ",English Language and Mathematics at grade C or 4.,39,"A total of 19 points in three higher level subjects including Mathematics and Physics, with no higher level score below 5. Higher Level 7, 6 required in Mathematics and Physics in any order. The programme will accept either 'Mathematics: Analysis and Approaches' or 'Mathematics: Applications and Interpretation' at higher level. Economics preferred as third higher level subject, but not essential.",NA
Neuroscience,BSc,neuroscience-bsc,https://www.ucl.ac.uk/prospective-students/undergraduate/degrees/neuroscience-bsc,39,https://www.ucl.ac.uk/prospective-students/undergraduate/degrees/neuroscience-bsc,UBSANASNEU18,AAA,"Chemistry required plus one from Biology, Life and Health Sciences, Mathematics or Physics.",English Language and Mathematics at grade B or 6.,38,"A total of 18 points in three higher level subjects including Chemistry and one subject from Biology, Mathematics or Physics, with no higher level score below 5. For Mathematics, the programme will accept either 'Analysis and Approaches' or 'Applications and Interpretation' at higher level.",NA
Anthropology,BSc,anthropology-bsc,https://www.ucl.ac.uk/prospective-students/undergraduate/degrees/anthropology-bsc,40,https://www.ucl.ac.uk/prospective-students/undergraduate/degrees/anthropology-bsc,UBSANTSING18,AAB,No specific subjects. At least two A level subjects should be taken from UCL's list of preferred A level subjects.,"English Language and Mathematics at grade C or 4, plus any Science (Single Science, Biology, Chemistry or Physics) required at grade B or 6 (Combined Science at grades 6, 6).",36,"A total of 17 points in three higher level subjects, with no higher level score below 5.",NA
Anthropology,BSc,anthropology-bsc,https://www.ucl.ac.uk/prospective-students/undergraduate/degrees/anthropology-bsc,41,https://www.ucl.ac.uk/prospective-students/undergraduate/degrees/anthropology-bsc,UBSANTWABR18,AAB,No specific subjects. At least two A level subjects should be taken from UCL's list of preferred A level subjects.,"English Language and Mathematics at grade C or 4, plus any Science (Single Science, Biology, Chemistry or Physics) required at grade B or 6 (Combined Science at grades 6, 6).",36,"A total of 17 points in three higher level subjects, with no higher level score below 5.",NA
Architecture,BSc,architecture-bsc,https://www.ucl.ac.uk/prospective-students/undergraduate/degrees/architecture-bsc,42,https://www.ucl.ac.uk/prospective-students/undergraduate/degrees/architecture-bsc,UBSARCSING18,AAB,"No specific subjects. Comprehensive portfolio of creative work required upon invitation, at application stage. At least two A level subjects should be taken from UCL's list of preferred A level subjects.",English Language and Mathematics at grade C or 4.,36,"A total of 17 points in three higher level subjects, with no higher level score below 5. No specific subjects are required but a comprehensive portfolio of creative work required upon invitation, at application stage.",NA
Urban Studies,BSc,urban-studies-bsc,https://www.ucl.ac.uk/prospective-students/undergraduate/degrees/urban-studies-bsc,43,https://www.ucl.ac.uk/prospective-students/undergraduate/degrees/urban-studies-bsc,UBSARCSURB18,AAB,"Geography, Economics, Government and Politics, History, Business, Design subjects, English Literature, Sociology, Anthropology, and Religious Education/Philosophy preferred",English Language and Mathematics at grade C or 4.,36,"A total of 17 points in three higher level subjects, with no higher level score below 5. Geography, Economics, Government and Politics, History, Business, Design subjects, English Literature, Sociology, Anthropology, and Religious Education/Philosophy preferred",NA
Archaeology,BSc,archaeology-bsc,https://www.ucl.ac.uk/prospective-students/undergraduate/degrees/archaeology-bsc,44,https://www.ucl.ac.uk/prospective-students/undergraduate/degrees/archaeology-bsc,UBSARLSING18,ABB,No specific subjects. At least two A level subjects should be taken from UCL's list of preferred A level subjects.,English Language and Mathematics at grade C or 4.,34,"A total of 16 points in three higher level subjects, with no higher level score below 5.",NA
Astrophysics,BSc,astrophysics-bsc,https://www.ucl.ac.uk/prospective-students/undergraduate/degrees/astrophysics-bsc,45,https://www.ucl.ac.uk/prospective-students/undergraduate/degrees/astrophysics-bsc,UBSASTSPHY18,A*AA,A*A in Mathematics and Physics required (in any order).,English Language and Mathematics at grade C or 4.,39,"A total of 19 points in three higher level subjects including grade 7 and grade 6 in Mathematics and Physics, in any order, with no higher level score below 5. The programme will accept either 'Mathematics: Analysis and Approaches' or 'Mathematics: Applications and Interpretation' at higher level.",NA
Audiology,BSc,audiology-bsc,https://www.ucl.ac.uk/prospective-students/undergraduate/degrees/audiology-bsc,46,https://www.ucl.ac.uk/prospective-students/undergraduate/degrees/audiology-bsc,UBSAUDSING18,AAB,"To include two sciences from Biology, Chemistry, Mathematics, Physics and Psychology. Biology, Mathematics, Physics and Psychology preferred",English Language and Mathematics at grade B or 6.,36,"A total score of 17 points in three higher level subjects to include two subjects from Biology, Chemistry, Mathematics, Physics and Psychology, with no higher level score below 5. Biology, Mathematics, Physics or Psychology preferred. If Mathematics is offered at higher level, the programme will accept either 'Analysis and Approaches' or 'Applications and Interpretation.",NA
Biomedical Sciences,BSc,biomedical-sciences-bsc,https://www.ucl.ac.uk/prospective-students/undergraduate/degrees/biomedical-sciences-bsc,47,https://www.ucl.ac.uk/prospective-students/undergraduate/degrees/biomedical-sciences-bsc,UBSBMDSSCI18,AAA,"Biology and Chemistry required, plus Mathematics preferred.",English Language and Mathematics at grade B or 6.,38,"A total of 18 points in three higher level subjects to include 6 in both Biology and Chemistry, plus Mathematics preferred, with no higher level score below 5. For Mathematics, the programme will accept either 'Analysis and Approaches' or 'Applications and Interpretation' at higher level.",NA
Biochemistry,BSc,biochemistry-bsc,https://www.ucl.ac.uk/prospective-students/undergraduate/degrees/biochemistry-bsc,48,https://www.ucl.ac.uk/prospective-students/undergraduate/degrees/biochemistry-bsc,UBSBOCSING18,AAA,"Biology, Chemistry and Mathematics required.",English Language and Mathematics at grade B or 6.,38,"A total of 18 points in three higher level subjects to include Biology, Chemistry, and Mathematic, with no higher level score below 5. The programme will accept either 'Mathematics: Analysis and Approaches' or 'Mathematics: Applications and Interpretation' at higher level.",NA
Biological Sciences,BSc,biological-sciences-bsc,https://www.ucl.ac.uk/prospective-students/undergraduate/degrees/biological-sciences-bsc,49,https://www.ucl.ac.uk/prospective-students/undergraduate/degrees/biological-sciences-bsc,UBSBOLSING18,AAA,"Biology required plus one from Chemistry, Life and Health Sciences, Mathematics or Physics.",English Language and Mathematics at grade B or 6.,38,"A total of 18 points in three higher level subjects including Biology at grade 6 and one from Chemistry, Mathematics or Physics, with no higher level score below 5. For Mathematics, the programme will accept either 'Analysis and Approaches' or 'Applications and Interpretation' at higher level.",NA
Cancer Biomedicine,BSc,cancer-biomedicine-bsc,https://www.ucl.ac.uk/prospective-students/undergraduate/degrees/cancer-biomedicine-bsc,50,https://www.ucl.ac.uk/prospective-students/undergraduate/degrees/cancer-biomedicine-bsc,UBSCANSBMD18,AAA,Biology and Chemistry required.,English Language and Mathematics at grade B or 6.,38,"A total of 18 points in three higher level subjects including 6 in Biology and Chemistry, with no higher level score below 5.
",NA
Chemistry,BSc,chemistry-bsc,https://www.ucl.ac.uk/prospective-students/undergraduate/degrees/chemistry-bsc,51,https://www.ucl.ac.uk/prospective-students/undergraduate/degrees/chemistry-bsc,UBSCHESING18,AAA,"Chemistry and at least one of Biology, Physics and Mathematics required. Biology, Physics, Mathematics, Further Mathematics, Computer Science or Psychology preferred as third subject.","English Language at grade C or 4, plus Mathematics at grade B or 6.",38,"A total of 18 points in three higher level subjects including 6 in Chemistry and 6 in one of Biology, Physics or Mathematics, with no higher level score below 5. For Mathematics, the programme will accept either 'Analysis and Approaches' or 'Applications and Interpretation' at higher level. Biology, Physics, Mathematics, Further Mathematics, Computer Science or Psychology preferred as third subject.",NA
Computer Science,BSc,computer-science-bsc,https://www.ucl.ac.uk/prospective-students/undergraduate/degrees/computer-science-bsc,52,https://www.ucl.ac.uk/prospective-students/undergraduate/degrees/computer-science-bsc,UBSCOMSING18,A*A*A,A* in either Mathematics or Further Mathematics required.,English Language and Mathematics at grade C or 4.,40,A total of 20 points in three higher level subjects including grade 7 in Mathematics. The programme will accept either 'Mathematics: Analysis and Approaches' or 'Mathematics: Applications and Interpretation' at higher level. 'Mathematics: Analysis and Approaches' is preferred. ,NA
Data Science,BSc,data-science-bsc,https://www.ucl.ac.uk/prospective-students/undergraduate/degrees/data-science-bsc,53,https://www.ucl.ac.uk/prospective-students/undergraduate/degrees/data-science-bsc,UBSDATSING18,A*AA,"A* in Mathematics required. Further Mathematics preferred. If you are studying both then the A* can be in either subject. Other preferred subjects include Chemistry, Economics, Physics and Statistics.",English Language and Mathematics at grade C or 4.,39,"A total of 19 points in three higher level subjects including grade 7 in Mathematics, with no higher level score below 5. The programme will accept either 'Mathematics: Analysis and Approaches' or 'Mathematics: Applications and Interpretation' at higher level. Further Mathematics, Chemistry, Economics, Physics and Statistics preferred.",NA
Environmental Geoscience,BSc,environmental-geoscience-bsc,https://www.ucl.ac.uk/prospective-students/undergraduate/degrees/environmental-geoscience-bsc,54,https://www.ucl.ac.uk/prospective-students/undergraduate/degrees/environmental-geoscience-bsc,UBSEARSEGS18,AAB,"Biology, Chemistry, Geology/Geography, Mathematics, Further Mathematics or Physics preferred",English Language and Mathematics at grade C or 4.,36,"A total of 17 points in three higher level subjects to preferably include two sciences, with no higher level score below 5. Biology, Chemistry, Geology/Geography, Mathematics, Further Mathematics or Physics preferred",NA
Geology,BSc,geology-bsc,https://www.ucl.ac.uk/prospective-students/undergraduate/degrees/geology-bsc,55,https://www.ucl.ac.uk/prospective-students/undergraduate/degrees/geology-bsc,UBSEARSGEL18,AAB,"Biology, Chemistry, Geology/Geography, Mathematics, Further Mathematics or Physics preferred",English Language and Mathematics at grade C or 4.,36,"A total of 17 points in three higher level subjects to preferably include two sciences, with no higher level score below 5. Biology, Chemistry, Geology/Geography, Mathematics, Further Mathematics or Physics preferred",NA
Earth Sciences,BSc,earth-sciences-bsc,https://www.ucl.ac.uk/prospective-students/undergraduate/degrees/earth-sciences-bsc,56,https://www.ucl.ac.uk/prospective-students/undergraduate/degrees/earth-sciences-bsc,UBSEARSING18,AAB,"Biology, Chemistry, Geology/Geography, Mathematics, Further Mathematics or Physics preferred",English Language and Mathematics at grade C or 4.,36,"A total of 17 points in three higher level subjects to preferably include two sciences, with no higher level score below 5. Biology, Chemistry, Geology/Geography, Mathematics, Further Mathematics or Physics preferred",NA
Geophysics,BSc,geophysics-bsc,https://www.ucl.ac.uk/prospective-students/undergraduate/degrees/geophysics-bsc,57,https://www.ucl.ac.uk/prospective-students/undergraduate/degrees/geophysics-bsc,UBSEARSPHY18,AAB,"Mathematics and Physics required. Biology, Chemistry, Further Mathematics and Geology/Geography preferred.",English Language and Mathematics at grade C or 4.,36,"A total of 17 points in three higher level subjects including Mathematics and Physics, with no higher level score below 5. The programme will accept either 'Mathematics: Analysis and Approaches' or 'Mathematics: Applications and Interpretation' at higher level. Biology, Chemistry, Further Mathematics and Geology/Geography preferred.",NA
Geography,BSc,geography-bsc,https://www.ucl.ac.uk/prospective-students/undergraduate/degrees/geography-bsc,58,https://www.ucl.ac.uk/prospective-students/undergraduate/degrees/geography-bsc,UBSGEOSING18,AAA,No specific subjects. At least two A level subjects should be taken from UCL's list of preferred A level subjects.,English Language and Mathematics at grade C or 4.,38,"A total of 18 points in three higher level subjects, with no higher level score below 5.",NA
Geography (International Programme),BSc,geography-international-programme-bsc,https://www.ucl.ac.uk/prospective-students/undergraduate/degrees/geography-international-programme-bsc,59,https://www.ucl.ac.uk/prospective-students/undergraduate/degrees/geography-international-programme-bsc,UBSGEOSINT18,AAA,No specific subjects. At least two A level subjects should be taken from UCL's list of preferred A level subjects.,English Language and Mathematics at grade C or 4.,38,"A total of 18 points in three higher level subjects, with no higher level score below 5.",NA
Global Humanitarian Studies,BSc,global-humanitarian-studies-bsc,https://www.ucl.ac.uk/prospective-students/undergraduate/degrees/global-humanitarian-studies-bsc,60,https://www.ucl.ac.uk/prospective-students/undergraduate/degrees/global-humanitarian-studies-bsc,UBSGLOSHST18,ABB,No specific subjects. At least two A level subjects should be taken from UCL's list of preferred A level subjects.,English Language and Mathematics at grade C or 4.,34,"A total of 16 points in three higher level subjects, with no higher level score below 5.",NA
Human Neuroscience,BSc,human-neuroscience-bsc,https://www.ucl.ac.uk/prospective-students/undergraduate/degrees/human-neuroscience-bsc,61,https://www.ucl.ac.uk/prospective-students/undergraduate/degrees/human-neuroscience-bsc,UBSHNESING18,AAA,"To include Biology or Psychology, plus one other science from Chemistry, Biology, Psychology, Physics or Mathematics",English Language and Mathematics at grade B or 6.,38,"A total of 18 points in three higher level subjects to include grade 6 in Biology or Psychology, plus one other science from Chemistry, Biology, Psychology, Physics or Mathematics, with no higher level score lower than 5.",NA
Human Sciences,BSc,human-sciences-bsc,https://www.ucl.ac.uk/prospective-students/undergraduate/degrees/human-sciences-bsc,62,https://www.ucl.ac.uk/prospective-students/undergraduate/degrees/human-sciences-bsc,UBSHSCSING18,AAA,"Science subject required, preferably Biology.",English Language and Mathematics at grade B or 6.,38,"A total of 18 points in three higher level subjects including science (preferably Biology) at grade 6, with no higher level score below 5.",NA
Information Management for Business,BSc,information-management-business-bsc,https://www.ucl.ac.uk/prospective-students/undergraduate/degrees/information-management-business-bsc,63,https://www.ucl.ac.uk/prospective-students/undergraduate/degrees/information-management-business-bsc,UBSINFSBUS18,AAA,Science or Social Sciences preferred. Please note the GCSE requirements below if you are not taking A level Mathematics. ,English Language at grade B or 6 and Mathematics at grade C or 4. Mathematics at grade A or 7 required if not offered at A level.,38,"A total of 18 points in three higher level subjects, with no score below 5. Please also note GCSE requirements. For applicants who have not taken GCSEs, Mathematics required at Standard level grade 6 or above, or Higher Level grade 5 or above.",NA
Information in Society,BSc,information-society-bsc,https://www.ucl.ac.uk/prospective-students/undergraduate/degrees/information-society-bsc,64,https://www.ucl.ac.uk/prospective-students/undergraduate/degrees/information-society-bsc,UBSINFSING18,ABB,No specific subjects. At least two A level subjects should be taken from UCL's list of preferred A level subjects.,English Language and Mathematics at grade C or 4.,34,"A total of 16 points in three higher level subjects, with no higher level score below 5.",NA
Experimental Linguistics,BSc,experimental-linguistics-bsc,https://www.ucl.ac.uk/prospective-students/undergraduate/degrees/experimental-linguistics-bsc,65,https://www.ucl.ac.uk/prospective-students/undergraduate/degrees/experimental-linguistics-bsc,UBSLINSEXP21,AAB,"At least one subject from Biology, Chemistry, Mathematics, Physics and Psychology.",English Language at grade B or 6 and Mathematics at grade C or 4.,36,"A score of 17 points in three higher level subjects including one from Biology, Chemistry, Physics, Mathematics or Psychology with no higher level score below 5. If Mathematics is offered at higher level, the programme will accept either 'Analysis and Approaches' or 'Applications and Interpretation.",NA
Experimental Linguistics (International Programme),BSc,experimental-linguistics-international-programme-bsc,https://www.ucl.ac.uk/prospective-students/undergraduate/degrees/experimental-linguistics-international-programme-bsc,66,https://www.ucl.ac.uk/prospective-students/undergraduate/degrees/experimental-linguistics-international-programme-bsc,UBSLINSINT18,AAB,"At least one subject from Biology, Chemistry, Mathematics, Physics and Psychology.",English Language at grade B or 6 and Mathematics at grade C or 4.,36,"A score of 17 points in three higher level subjects including one from Biology, Chemistry, Physics, Mathematics or Psychology with no higher level score below 5. If Mathematics is offered at higher level, the programme will accept either 'Analysis and Approaches' or 'Applications and Interpretation.",NA
Management Science,BSc,management-science-bsc,https://www.ucl.ac.uk/prospective-students/undergraduate/degrees/management-science-bsc,67,https://www.ucl.ac.uk/prospective-students/undergraduate/degrees/management-science-bsc,UBSMANSING18,A*AA,Mathematics with A* required. Science or Social Sciences preferred. ,English Language at grade B or 6 and Mathematics at grade C or 4.,39,"A total of 19 points in three higher level subjects, including grade 7 in Mathematics, with no score below 5. The programme will accept either 'Mathematics: Analysis and Approaches' or 'Mathematics: Applications and Interpretation' at higher level.",NA
Mathematics,BSc,mathematics-bsc,https://www.ucl.ac.uk/prospective-students/undergraduate/degrees/mathematics-bsc,68,https://www.ucl.ac.uk/prospective-students/undergraduate/degrees/mathematics-bsc,UBSMATSING18,A*A*A,"A*A*A with A*A* in Mathematics and Further Mathematics, or A*AA with A*A in Mathematics and Further Mathematics, in any order, and a 2 in any STEP Paper or a Distinction in the Mathematics AEA. Biology, Chemistry, Computer Science, Economics, English Language, English Literature, Physics and Statistics preferred.",English Language and Mathematics at grade C or 4.,40,"A total of 40 points overall with 20 points in three higher level subjects including 7 in Mathematics, or 39 overall with 19 points in three higher level subjects including 7 in Mathematics and a 2 in any STEP paper or a distinction in Mathematics AEA. The programme will accept higher level 'Mathematics: Analysis and Approaches' only. Physics, Statistics, Chemistry, Computer Science, Biology, Economics, English Language, English Literature preferred as third subject.",NA
Applied Medical Sciences,BSc,applied-medical-sciences-bsc,https://www.ucl.ac.uk/prospective-students/undergraduate/degrees/applied-medical-sciences-bsc,69,https://www.ucl.ac.uk/prospective-students/undergraduate/degrees/applied-medical-sciences-bsc,UBSMEDSAPP18,AAA,"Biology grade A required, plus one from Chemistry, Mathematics or Physics.",English Language and Mathematics at grade B or 6.,38,"A total of 18 points in three higher level subjects including 6 in Biology and either Mathematics, Physics or Chemistry, with no higher level score below 5. For Mathematics, the programme will accept either 'Analysis and Approaches' or 'Applications and Interpretation' at higher level.",NA
Natural Sciences,BSc,natural-sciences-bsc,https://www.ucl.ac.uk/prospective-students/undergraduate/degrees/natural-sciences-bsc,70,https://www.ucl.ac.uk/prospective-students/undergraduate/degrees/natural-sciences-bsc,UBSNATSING18,A*AA,"Mathematics and at least one of Biology, Chemistry and Physics required. Biology, Chemistry or Physics preferred as third subject.",English Language and Mathematics at grade C or 4.,39,"A total of 19 points in three higher level subjects including grade 6 in Mathematics and at least one of Biology, Chemistry and Physics, with no higher level score below 5. For Mathematics, the programme will accept either 'Analysis and Approaches' or 'Applications and Interpretation' at higher level. Biology, Chemistry and Physics preferred as third subject.",Please note: certain streams may have prerequisites of particular grades and/or subjects at A level or equivalent; further details can be found on the Natural Sciences website.
Pharmacology,BSc,pharmacology-bsc,https://www.ucl.ac.uk/prospective-students/undergraduate/degrees/pharmacology-bsc,71,https://www.ucl.ac.uk/prospective-students/undergraduate/degrees/pharmacology-bsc,UBSPHASING18,AAB,"Chemistry required plus one from Biology, Life and Health Sciences, Mathematics or Physics.",English Language and Mathematics at grade B or 6.,36,"A total of 17 points in three higher level subjects including Chemistry and one subject from Biology, Mathematics or Physics, with no higher level score below 5. For Mathematics, the programme will accept either 'Analysis and Approaches' or 'Applications and Interpretation' at higher level.",NA
Physics,BSc,physics-bsc,https://www.ucl.ac.uk/prospective-students/undergraduate/degrees/physics-bsc,72,https://www.ucl.ac.uk/prospective-students/undergraduate/degrees/physics-bsc,UBSPHYSING18,A*AA,A*A in Mathematics and Physics required (in any order).,English Language and Mathematics at grade C or 4.,39,"A total of 19 points in three higher level subjects including grade 7 and grade 6 in Mathematics and Physics, in any order, with no higher level score below 5. The programme will accept either 'Mathematics: Analysis and Approaches' or 'Mathematics: Applications and Interpretation' at higher level.",NA
Theoretical Physics,BSc,theoretical-physics-bsc,https://www.ucl.ac.uk/prospective-students/undergraduate/degrees/theoretical-physics-bsc,73,https://www.ucl.ac.uk/prospective-students/undergraduate/degrees/theoretical-physics-bsc,UBSPHYSTPH18,A*AA,A*A in Mathematics and Physics required (in any order).,English Language and Mathematics at grade C or 4.,39,"A total of 19 points in three higher level subjects including grade 7, 6 in Mathematics and Physics, in any order, with no higher level score below 5. The programme will accept either 'Mathematics: Analysis and Approaches' or 'Mathematics: Applications and Interpretation' at higher level.",NA
Population Health Sciences,BSc,population-health-sciences-bsc,https://www.ucl.ac.uk/prospective-students/undergraduate/degrees/population-health-sciences-bsc,74,https://www.ucl.ac.uk/prospective-students/undergraduate/degrees/population-health-sciences-bsc,UBSPOPSING18,ABB,No specific subjects. At least two A level subjects should be taken from UCL's list of preferred A level subjects.,"English Language at grade C or 4, plus Mathematics or Statistics at grade C or 4.",34,"A total of 16 points in three higher level subjects, with no higher level score below 5.",NA
Psychology,BSc,psychology-bsc,https://www.ucl.ac.uk/prospective-students/undergraduate/degrees/psychology-bsc,75,https://www.ucl.ac.uk/prospective-students/undergraduate/degrees/psychology-bsc,UBSPSYSING18,A*AA,"To include A*A from two of the following subjects: Biology, Chemistry, Mathematics, Physics and Psychology.","English Language, Mathematics and two Sciences (double award acceptable) at grade B or 6.",39,"A total of 19 points in three higher level subjects to include grade 7 and grade 6 in two subjects from Biology, Chemistry, Mathematics, Physics and Psychology.",NA
Sociology,BSc,sociology-bsc,https://www.ucl.ac.uk/prospective-students/undergraduate/degrees/sociology-bsc,76,https://www.ucl.ac.uk/prospective-students/undergraduate/degrees/sociology-bsc,UBSSOCSING18,AAA,No specific subjects. At least two A level subjects should be taken from UCL's list of preferred A level subjects.,English Language and Mathematics at grade B or 6.,38,"A total of 18 points in three higher level subjects, with no higher level score below 5.",NA
Social Sciences,BSc,social-sciences-bsc,https://www.ucl.ac.uk/prospective-students/undergraduate/degrees/social-sciences-bsc,77,https://www.ucl.ac.uk/prospective-students/undergraduate/degrees/social-sciences-bsc,UBSSSCSING18,AAA,No specific subjects. At least two A level subjects should be taken from UCL's list of preferred A level subjects.,English Language and Mathematics at grade B or 6.,38,"A total of 18 points in three higher level subjects, with no higher level score below 5.",NA
Statistics,BSc,statistics-bsc,https://www.ucl.ac.uk/prospective-students/undergraduate/degrees/statistics-bsc,78,https://www.ucl.ac.uk/prospective-students/undergraduate/degrees/statistics-bsc,UBSSTASING18,A*AA,"A* in Mathematics required. Further Mathematics preferred. If you are studying both then the A* can be in either subject. Other preferred subjects include Chemistry, Economics, Physics and Statistics.",English Language and Mathematics at grade C or 4.,39,"A total of 19 points in three higher level subjects including grade 7 in Mathematics, with no higher level score below 5. The programme will accept either 'Mathematics: Analysis and Approaches' or 'Mathematics: Applications and Interpretation' at higher level. Further Mathematics, Chemistry, Economics, Physics and Statistics preferred.",NA
Biochemical Engineering,Integrated MEng,biochemical-engineering-meng,https://www.ucl.ac.uk/prospective-students/undergraduate/degrees/biochemical-engineering-meng,79,https://www.ucl.ac.uk/prospective-students/undergraduate/degrees/biochemical-engineering-meng,UMNBENSING22,AAA,"Mathematics required, plus one from Biology, Chemistry or Physics.",English Language and Mathematics at grade C or 4.,38,"A total of 18 points in three higher level subjects including Mathematics at grade 6, plus one from Biology, Chemistry or Physics, with no higher level score below 5. The programme will accept either 'Mathematics: Analysis and Approaches' or 'Mathematics: Applications and Interpretation' at higher level.",NA
Biomedical Engineering,Integrated MEng,biomedical-engineering-meng,https://www.ucl.ac.uk/prospective-students/undergraduate/degrees/biomedical-engineering-meng,80,https://www.ucl.ac.uk/prospective-students/undergraduate/degrees/biomedical-engineering-meng,UMNBMDSING22,AAA,"Mathematics and Physics required at grade A. Mathematics and Physics required. Biology acceptable in lieu of Physics, if Physics grade A or 7 achieved at GCSE ",English Language and Mathematics at grade C or 4.,38,"A total of 18 points overall in three higher level subjects, including grade 6 in Mathematics and Physics, with no higher level score below 5. Biology at Higher Level acceptable in lieu of Physics, if Physics taken at Standard Level.The programme will accept either 'Mathematics: Analysis and Approaches' or 'Mathematics: Applications and Interpretation' at higher level.",NA
Chemical Engineering,Integrated MEng,chemical-engineering-meng,https://www.ucl.ac.uk/prospective-students/undergraduate/degrees/chemical-engineering-meng,81,https://www.ucl.ac.uk/prospective-students/undergraduate/degrees/chemical-engineering-meng,UMNCENSING22,AAA,"Mathematics and Chemistry required. Biology, Economics, Further Mathematics, Geography, Physics and Psychology preferred.",English Language and Mathematics at grade C or 4.,38,"A total of 18 points in three higher level subjects to include grades 6,6 in Mathematics and Chemistry, with no higher level score below 5. Another science at higher level preferred, but not essential. The programme will accept either 'Mathematics: Analysis and Approaches' or 'Mathematics: Applications and Interpretation' at higher level.",NA
Civil Engineering,Integrated MEng,civil-engineering-meng,https://www.ucl.ac.uk/prospective-students/undergraduate/degrees/civil-engineering-meng,82,https://www.ucl.ac.uk/prospective-students/undergraduate/degrees/civil-engineering-meng,UMNCIVSING22,A*AA,"No specific subjects, but please note the GCSE requirements below if you are not taking A level Mathematics. At least two A level subjects should be taken from UCL's list of preferred A level subjects.",English Language at grade C or 4. Mathematics and Physics (or Double Award) at grade A or 7 if not offered at A level.,39,"A total of 19 points in three higher level subjects, with no higher level score below 5. Physics must be offered at either higher or standard level.",NA
Computer Science,Integrated MEng,computer-science-meng,https://www.ucl.ac.uk/prospective-students/undergraduate/degrees/computer-science-meng,83,https://www.ucl.ac.uk/prospective-students/undergraduate/degrees/computer-science-meng,UMNCOMSING18,A*A*A,A* in either Mathematics or Further Mathematics required.,English Language and Mathematics at grade C or 4.,40,A total of 20 points in three higher level subjects including grade 7 in Mathematics. The programme will accept either 'Mathematics: Analysis and Approaches' or 'Mathematics: Applications and Interpretation' at higher level. 'Mathematics: Analysis and Approaches' is preferred. ,NA
Mathematical Computation,Integrated MEng,mathematical-computation-meng,https://www.ucl.ac.uk/prospective-students/undergraduate/degrees/mathematical-computation-meng,84,https://www.ucl.ac.uk/prospective-students/undergraduate/degrees/mathematical-computation-meng,UMNCOMSMAT18,A*A*A,A* in either Mathematics or Further Mathematics required; A levels in both Mathematics and Further Mathematics preferred.,English Language and Mathematics at grade C or 4.,40,A total of 20 points in three higher level subjects including grade 7 in Mathematics. The programme will accept either 'Mathematics: Analysis and Approaches' or 'Mathematics: Applications and Interpretation' at higher level. 'Mathematics: Analysis and Approaches' is preferred. ,NA
Mechanical Engineering,Integrated MEng,mechanical-engineering-meng,https://www.ucl.ac.uk/prospective-students/undergraduate/degrees/mechanical-engineering-meng,85,https://www.ucl.ac.uk/prospective-students/undergraduate/degrees/mechanical-engineering-meng,UMNMECSING22,A*AA,"Mathematics and Physics required. A* must be in one of the required subjects. Design and Technology, Engineering, Economics, Geography, Chemistry and Biology preferred as third subject (in that order), but not essential.  ",English Language and Mathematics at grade C or 4.,39,"A total of 19 points in three higher level subjects including Mathematics and Physics, with no higher level score below 5. Higher level 7, 6 required in Mathematics and Physics in any order. The programme will accept either 'Mathematics: Analysis and Approaches' or 'Mathematics: Applications and Interpretation' at higher level. Economics preferred as third higher level subject, but not essential.",NA
Pharmacy,MPharm,pharmacy-mpharm,https://www.ucl.ac.uk/prospective-students/undergraduate/degrees/pharmacy-mpharm,86,https://www.ucl.ac.uk/prospective-students/undergraduate/degrees/pharmacy-mpharm,UMPPHMSING01,AAB,"Chemistry and either Biology, Mathematics or Physics required.",English Language and Mathematics at grade B or 6.,36,"A total of 17 points in three higher level subjects including Chemistry and one subject from Biology, Mathematics or Physics, with no higher level score below 5. For Mathematics, the programme will accept either 'Analysis and Approaches' or 'Applications and Interpretation' at higher level.",NA
Neuroscience,Integrated MSCi,neuroscience-msci,https://www.ucl.ac.uk/prospective-students/undergraduate/degrees/neuroscience-msci,87,https://www.ucl.ac.uk/prospective-students/undergraduate/degrees/neuroscience-msci,UMSANASNEU18,AAA,"Chemistry required plus one from Biology, Life and Health Sciences, Mathematics or Physics.",English Language and Mathematics at grade B or 6.,38,"A total of 18 points in three higher level subjects including Chemistry and one subject from Biology, Mathematics or Physics, with no higher level score below 5. For Mathematics, the programme will accept either 'Analysis and Approaches' or 'Applications and Interpretation' at higher level.",NA
Architecture,Integrated MSCi,architecture-msci,https://www.ucl.ac.uk/prospective-students/undergraduate/degrees/architecture-msci,88,https://www.ucl.ac.uk/prospective-students/undergraduate/degrees/architecture-msci,UMSARCSING19,AAB,"No specific subjects. Comprehensive portfolio of creative work required upon invitation, at application stage. At least two A level subjects should be taken from UCL's list of preferred A level subjects.",English Language and Mathematics at grade C or 4.,36,"A total of 17 points in three higher level subjects, with no higher level score below 5. No specific subjects are required but a comprehensive portfolio of creative work required upon invitation, at application stage.",NA
Astrophysics,Integrated MSCi,astrophysics-msci,https://www.ucl.ac.uk/prospective-students/undergraduate/degrees/astrophysics-msci,89,https://www.ucl.ac.uk/prospective-students/undergraduate/degrees/astrophysics-msci,UMSASTSPHY18,A*AA,A*A in Mathematics and Physics required (in any order).,English Language and Mathematics at grade C or 4.,39,"A total of 19 points in three higher level subjects including grade 7 and grade 6 in Mathematics and Physics, in any order, with no higher level score below 5. The programme will accept either 'Mathematics: Analysis and Approaches' or 'Mathematics: Applications and Interpretation' at higher level.",NA
Biochemistry,Integrated MSCi,biochemistry-msci,https://www.ucl.ac.uk/prospective-students/undergraduate/degrees/biochemistry-msci,90,https://www.ucl.ac.uk/prospective-students/undergraduate/degrees/biochemistry-msci,UMSBOCSING18,AAA,"Biology, Chemistry and Mathematics required.",English Language and Mathematics at grade B or 6.,38,"A total of 18 points in three higher level subjects to include Biology, Chemistry, and Mathematic, with no higher level score below 5. The programme will accept either 'Mathematics: Analysis and Approaches' or 'Mathematics: Applications and Interpretation' at higher level.",NA
Biological Sciences,Integrated MSCi,biological-sciences-msci,https://www.ucl.ac.uk/prospective-students/undergraduate/degrees/biological-sciences-msci,91,https://www.ucl.ac.uk/prospective-students/undergraduate/degrees/biological-sciences-msci,UMSBOLSING18,AAA,"Biology required plus one from Chemistry, Life and Health Sciences, Mathematics or Physics. ",English Language and Mathematics at grade B or 6.,38,"A total of 18 points in three higher level subjects including Biology at grade 6 and one from Chemistry, Mathematics or Physics, with no higher level score below 5. The programme will accept either 'Mathematics: Analysis and Approaches' or 'Mathematics: Applications and Interpretation' at higher level.",NA
Chemistry,Integrated MSCi,chemistry-msci,https://www.ucl.ac.uk/prospective-students/undergraduate/degrees/chemistry-msci,92,https://www.ucl.ac.uk/prospective-students/undergraduate/degrees/chemistry-msci,UMSCHESING18,AAA,"Chemistry and at least one of Biology, Physics and Mathematics required. Biology, Physics, Mathematics, Further Mathematics, Computer Science or Psychology preferred as third subject.","English Language at grade C or 4, plus Mathematics at grade B or 6.",38,"A total of 18 points in three higher level subjects including 6 in Chemistry and 6 in one of Biology, Physics or Mathematics, with no higher level score below 5. For Mathematics, the programme will accept either 'Analysis and Approaches' or 'Applications and Interpretation' at higher level. Biology, Physics, Mathematics, Further Mathematics, Computer Science or Psychology preferred as third subject.",NA
Chemistry (International Programme),Integrated MSCi,chemistry-international-programme-msci,https://www.ucl.ac.uk/prospective-students/undergraduate/degrees/chemistry-international-programme-msci,93,https://www.ucl.ac.uk/prospective-students/undergraduate/degrees/chemistry-international-programme-msci,UMSCHESINT18,AAA,"Chemistry and at least one of Biology, Physics and Mathematics required. Biology, Physics, Mathematics, Further Mathematics, Computer Science or Psychology preferred as third subject.","English Language at grade C or 4, plus Mathematics at grade B or 6.",38,"A total of 18 points in three higher level subjects including 6 in Chemistry and 6 in one of Biology, Physics or Mathematics, with no higher level score below 5. For Mathematics, the programme will accept either 'Analysis and Approaches' or 'Applications and Interpretation' at higher level. Biology, Physics, Mathematics, Further Mathematics, Computer Science or Psychology preferred as third subject.",NA
Construction Project Management,Integrated MSCi,construction-project-management-msci,https://www.ucl.ac.uk/prospective-students/undergraduate/degrees/construction-project-management-msci,94,https://www.ucl.ac.uk/prospective-students/undergraduate/degrees/construction-project-management-msci,UMSCPMSING18,ABB,"Business, Economics, Geography, Information Communication Technology, Mathematics or Statistics preferred. ","English Language and Mathematics both at grade B or 6, plus a Science subject (Biology, Chemistry or Physics. Double Award acceptable) required at grade B or 6.",34,"A total of 16 points in three higher level subjects, with no higher level score below 5. Business, Economics, Geography, Information Communication Technology, Mathematics: Analysis and Approaches or Mathematics: Applications and Interpretation or Statistics preferred. ",NA
Environmental Geoscience,Integrated MSCi,environmental-geoscience-msci,https://www.ucl.ac.uk/prospective-students/undergraduate/degrees/environmental-geoscience-msci,95,https://www.ucl.ac.uk/prospective-students/undergraduate/degrees/environmental-geoscience-msci,UMSEARSEGS18,AAB,"Biology, Chemistry, Geology/Geography, Mathematics, Further Mathematics or Physics preferred",English Language and Mathematics at grade C or 4.,36,"A total of 17 points in three higher level subjects to preferably include two sciences, with no higher level score below 5. Biology, Chemistry, Geology/Geography, Mathematics, Further Mathematics or Physics preferred",NA
Geology,Integrated MSCi,geology-msci,https://www.ucl.ac.uk/prospective-students/undergraduate/degrees/geology-msci,96,https://www.ucl.ac.uk/prospective-students/undergraduate/degrees/geology-msci,UMSEARSGEL18,AAB,"Biology, Chemistry, Geology/Geography, Mathematics, Further Mathematics or Physics preferred",English Language and Mathematics at grade C or 4.,36,"A total of 17 points in three higher level subjects to preferably include two sciences, with no higher level score below 5. Biology, Chemistry, Geology/Geography, Mathematics, Further Mathematics or Physics preferred",NA
Earth Sciences,Integrated MSCi,earth-sciences-msci,https://www.ucl.ac.uk/prospective-students/undergraduate/degrees/earth-sciences-msci,97,https://www.ucl.ac.uk/prospective-students/undergraduate/degrees/earth-sciences-msci,UMSEARSING18,AAB,"Biology, Chemistry, Geology/Geography, Mathematics, Further Mathematics or Physics preferred",English Language and Mathematics at grade C or 4.,36,"A total of 17 points in three higher level subjects to preferably include two sciences, with no higher level score below 5. Biology, Chemistry, Geology/Geography, Mathematics, Further Mathematics or Physics preferred",NA
Earth Sciences (International Programme),Integrated MSCi,earth-sciences-international-programme-msci,https://www.ucl.ac.uk/prospective-students/undergraduate/degrees/earth-sciences-international-programme-msci,98,https://www.ucl.ac.uk/prospective-students/undergraduate/degrees/earth-sciences-international-programme-msci,UMSEARSINT18,AAB,"Biology, Chemistry, Geology/Geography, Mathematics, Further Mathematics or Physics preferred",English Language and Mathematics at grade C or 4.,36,"A total of 17 points in three higher level subjects to preferably include two sciences, with no higher level score below 5. Biology, Chemistry, Geology/Geography, Mathematics, Further Mathematics or Physics preferred",NA
Geophysics,Integrated MSCi,geophysics-msci,https://www.ucl.ac.uk/prospective-students/undergraduate/degrees/geophysics-msci,99,https://www.ucl.ac.uk/prospective-students/undergraduate/degrees/geophysics-msci,UMSEARSPHY18,AAB,"Mathematics and Physics required. Biology, Chemistry, Further Mathematics and Geology/Geography preferred.",English Language and Mathematics at grade C or 4.,36,"A total of 17 points in three higher level subjects including Mathematics and Physics, with no higher level score below 5. The programme will accept either 'Mathematics: Analysis and Approaches' or 'Mathematics: Applications and Interpretation' at higher level. Biology, Chemistry, Further Mathematics and Geology/Geography preferred.",NA
Management Science,Integrated MSCi,management-science-msci,https://www.ucl.ac.uk/prospective-students/undergraduate/degrees/management-science-msci,100,https://www.ucl.ac.uk/prospective-students/undergraduate/degrees/management-science-msci,UMSMANSING18,A*AA,Mathematics with A* required. Science or Social Sciences preferred. ,English Language at grade B or 6 and Mathematics at grade C or 4.,39,"A total of 19 points in three higher level subjects, including grade 7 in Mathematics, with no score below 5. The programme will accept either 'Mathematics: Analysis and Approaches' or 'Mathematics: Applications and Interpretation' at higher level.",NA
Mathematics,Integrated MSCi,mathematics-msci,https://www.ucl.ac.uk/prospective-students/undergraduate/degrees/mathematics-msci,101,https://www.ucl.ac.uk/prospective-students/undergraduate/degrees/mathematics-msci,UMSMATSING18,A*A*A,"A*A*A with A*A* in Mathematics and Further Mathematics, or A*AA with A*A in Mathematics and Further Mathematics, in any order, and a 2 in any STEP Paper or a Distinction in the Mathematics AEA. Biology, Chemistry, Computer Science, Economics, English Language, English Literature, Physics and Statistics preferred.",English Language and Mathematics at grade C or 4.,40,"A total of 40 points overall with 20 points in three higher level subjects including 7 in Mathematics, or 39 overall with 19 points in three higher level subjects including 7 in Mathematics and a 2 in any STEP paper or a distinction in Mathematics AEA. The programme will accept higher level 'Mathematics: Analysis and Approaches' only. Physics, Statistics, Chemistry, Computer Science, Biology, Economics, English Language, English Literature preferred as third subject.",NA
Medical Physics,Integrated MSCi,medical-physics-msci,https://www.ucl.ac.uk/prospective-students/undergraduate/degrees/medical-physics-msci,102,https://www.ucl.ac.uk/prospective-students/undergraduate/degrees/medical-physics-msci,UMSMPHSING18,A*AA,"Mathematics and Physics required. A* must be in one of the required subjects. Biology, Chemistry and Further Mathematics preferred.",English Language and Mathematics at grade C or 4.,39,"A total of 19 points in three higher level subjects including Mathematics and Physics, with no higher level score below 5. Higher Level 7, 6 required in Mathematics and Physics in any order. The programme will accept either 'Mathematics: Analysis and Approaches' or 'Mathematics: Applications and Interpretation' at higher level. Economics preferred as third higher level subject, but not essential.",NA
Natural Sciences,Integrated MSCi,natural-sciences-msci,https://www.ucl.ac.uk/prospective-students/undergraduate/degrees/natural-sciences-msci,103,https://www.ucl.ac.uk/prospective-students/undergraduate/degrees/natural-sciences-msci,UMSNATSING18,A*AA,"Mathematics and at least one of Biology, Chemistry and Physics required. Biology, Chemistry or Physics preferred as third subject.",English Language and Mathematics at grade C or 4.,39,"A total of 19 points in three higher level subjects including grade 6 in Mathematics and at least one of Biology, Chemistry and Physics, with no higher level score below 5. For Mathematics, the programme will accept either 'Analysis and Approaches' or 'Applications and Interpretation' at higher level. Biology, Chemistry and Physics preferred as third subject.",Please note: certain streams may have prerequisites of particular grades and/or subjects at A level or equivalent; further details can be found on the Natural Sciences website.
Pharmacology,Integrated MSCi,pharmacology-msci,https://www.ucl.ac.uk/prospective-students/undergraduate/degrees/pharmacology-msci,104,https://www.ucl.ac.uk/prospective-students/undergraduate/degrees/pharmacology-msci,UMSPHASING18,AAB,"Chemistry required plus one from Biology, Life and Health Sciences, Mathematics or Physics.",English Language and Mathematics at grade B or 6.,36,"A total of 17 points in three higher level subjects including Chemistry and one subject from Biology, Mathematics or Physics, with no higher level score below 5. For Mathematics, the programme will accept either 'Analysis and Approaches' or 'Applications and Interpretation' at higher level.",NA
Physics,Integrated MSCi,physics-msci,https://www.ucl.ac.uk/prospective-students/undergraduate/degrees/physics-msci,105,https://www.ucl.ac.uk/prospective-students/undergraduate/degrees/physics-msci,UMSPHYSING18,A*AA,A*A in Mathematics and Physics required (in any order).,English Language and Mathematics at grade C or 4.,39,"A total of 19 points in three higher level subjects including grade 7 and grade 6 in Mathematics and Physics, in any order, with no higher level score below 5. The programme will accept either 'Mathematics: Analysis and Approaches' or 'Mathematics: Applications and Interpretation' at higher level.",NA
Theoretical Physics,Integrated MSCi,theoretical-physics-msci,https://www.ucl.ac.uk/prospective-students/undergraduate/degrees/theoretical-physics-msci,106,https://www.ucl.ac.uk/prospective-students/undergraduate/degrees/theoretical-physics-msci,UMSPHYSTPH18,A*AA,A*A in Mathematics and Physics required (in any order).,English Language and Mathematics at grade C or 4.,39,"A total of 19 points in three higher level subjects including grade 7, 6 in Mathematics and Physics, in any order, with no higher level score below 5. The programme will accept either 'Mathematics: Analysis and Approaches' or 'Mathematics: Applications and Interpretation' at higher level.",NA
Psychology,Integrated MSCi,psychology-msci,https://www.ucl.ac.uk/prospective-students/undergraduate/degrees/psychology-msci,107,https://www.ucl.ac.uk/prospective-students/undergraduate/degrees/psychology-msci,UMSPSYSING18,A*AA,"To include A*A from two of the following subjects: Biology, Chemistry, Mathematics, Physics and Psychology.","English Language, Mathematics and two Sciences (double award acceptable) at grade B or 6.",39,"A total of 19 points in three higher level subjects to include grade 7 and grade 6 in two subjects from Biology, Chemistry, Mathematics, Physics and Psychology.",NA
Statistical Science (International Programme),Integrated MSCi,statistical-science-international-programme-msci,https://www.ucl.ac.uk/prospective-students/undergraduate/degrees/statistical-science-international-programme-msci,108,https://www.ucl.ac.uk/prospective-students/undergraduate/degrees/statistical-science-international-programme-msci,UMSSTASINT18,A*AA,"A* in Mathematics required. Further Mathematics preferred. If you are studying both then the A* can be in either subject. Other preferred subjects include Chemistry, Economics, Physics and Statistics.",English Language and Mathematics at grade C or 4.,39,"A total of 19 points in three higher level subjects including grade 7 in Mathematics, with no higher level score below 5. The programme will accept either 'Mathematics: Analysis and Approaches' or 'Mathematics: Applications and Interpretation' at higher level. Further Mathematics, Chemistry, Economics, Physics and Statistics preferred.",NA
